date,zuzycie energii RA1,Zużycie energii RA2,Zużycie energii RA3
2024-02-14 10:52:47,1.015280128,58.35622787,58.67220688
2024-02-14 10:52:51,0.9037048221,58.22910309,58.69194412
2024-02-14 10:54:08,0.9183105826,58.55421829,58.78551102
2024-02-14 10:54:11,0.9141693115,58.45756912,58.7428093
2024-02-14 10:54:15,0.9172485471,58.26903152,58.71328354
2024-02-14 10:54:18,0.9501495361,58.34848785,58.83571243
2024-02-14 10:54:22,0.9228790402,58.72912216,58.90122223
2024-02-14 10:54:25,0.9153808951,58.45511627,58.71806717
2024-02-14 10:54:28,0.9055023193,58.14406967,58.86169052
2024-02-14 10:54:31,0.9266052246,58.85625076,59.04293823
2024-02-14 10:54:35,0.9255218506,58.44702148,58.83599472
2024-02-14 10:54:40,0.9119659662,58.43918991,58.77069855
2024-02-14 10:54:43,0.9279876947,58.39290237,58.792202
2024-02-14 10:54:46,0.9120361209,58.3679924,58.90234375
2024-02-14 10:54:50,0.9065521359,58.25928879,58.6362915
2024-02-14 10:54:53,0.9156799316,58.3327446,58.97275925
2024-02-14 10:54:56,0.9008026123,58.6373558,58.96009064
2024-02-14 10:55:00,0.8710907102,58.31643677,58.70342636
2024-02-14 10:55:04,0.9141327143,58.64884567,58.88674545
2024-02-14 10:55:07,0.9033386111,58.29005814,58.67608261
2024-02-14 10:55:11,0.8828155398,58.14521027,58.69129562
2024-02-14 10:55:15,0.9116668701,58.24335861,58.62343216
2024-02-14 10:55:18,0.9090759158,58.1416626,58.64557648
2024-02-14 10:55:21,0.8959930539,58.52693558,58.87495041
2024-02-14 10:55:25,0.8939453363,58.27688599,58.67758179
2024-02-14 10:55:29,0.8923370242,58.79853058,59.01143265
2024-02-14 10:55:33,0.912753284,58.2857933,58.91820145
2024-02-14 10:55:37,0.910394311,58.59453964,58.87497711
2024-02-14 10:55:41,0.9089569449,58.38486862,58.72354889
2024-02-14 10:55:44,0.9025146365,58.13232422,58.60938263
2024-02-14 10:55:48,0.8840332031,58.23226547,58.66299057
2024-02-14 10:55:51,0.900552392,58.68428421,58.9171524
2024-02-14 10:55:55,0.9092499018,58.01964951,58.67562866
2024-02-14 10:56:00,0.8952667117,58.69890976,58.92631912
2024-02-14 10:56:04,0.8828277588,58.16894531,58.74928665
2024-02-14 10:56:09,0.898385644,58.68357086,58.92691803
2024-02-14 10:56:12,0.8850769401,58.50421906,58.86878586
2024-02-14 10:56:15,0.8938476443,57.84154129,58.70199203
2024-02-14 10:56:19,0.8992065787,58.65456772,58.90886307
2024-02-14 10:56:22,0.8974944949,58.42921066,58.73140335
2024-02-14 10:56:25,0.8819244504,58.07229614,58.61052322
2024-02-14 10:56:28,0.9912841916,58.35079956,58.71799469
2024-02-14 10:56:31,0.9923675656,58.60425568,58.94118118
2024-02-14 10:56:34,0.9906280637,58.44483566,58.66846466
2024-02-14 10:56:39,0.9801697135,58.48236084,58.82291794
2024-02-14 10:56:41,0.9783203006,58.28508377,58.73221588
2024-02-14 10:56:44,0.9748107791,58.22600174,58.7113533
2024-02-14 10:56:47,0.9743713737,58.47202682,58.8196373
2024-02-14 10:56:51,0.9806548953,58.57055664,58.86950302
2024-02-14 10:56:54,0.9777283072,58.01670074,58.55387115
2024-02-14 10:56:58,0.9781219363,58.54327011,58.7538414
2024-02-14 10:57:01,0.9913207889,58.33037186,58.69691849
2024-02-14 10:57:04,0.9783203006,58.12737656,58.57047272
2024-02-14 10:57:07,0.9630615115,58.42832565,58.5857811
2024-02-14 10:57:10,1.112286448,58.52841187,58.79891586
2024-02-14 10:57:13,0.9457916617,58.0739212,58.57513428
2024-02-14 10:57:17,0.9514557123,58.59639359,58.89605331
2024-02-14 10:57:21,0.9541595578,58.49131393,58.81256104
2024-02-14 10:57:24,0.9451019168,58.5571785,58.84092331
2024-02-14 10:57:27,0.9464111328,58.34756088,58.70268631
2024-02-14 10:57:31,0.9446746707,58.38991928,58.73960114
2024-02-14 10:57:34,0.931640625,58.46016312,58.85269165
2024-02-14 10:57:37,1.04623723,57.64997482,57.99407578
2024-02-14 10:57:40,1.054318309,58.28188705,58.72776031
2024-02-14 10:57:43,1.036654711,58.36928177,58.67411041
2024-02-14 10:57:48,1.028741479,58.41865921,58.71080399
2024-02-14 10:57:51,1.041226268,57.76725006,58.45366287
2024-02-14 10:57:55,1.005471826,57.82891846,58.45064163
2024-02-14 10:57:58,1.020016551,58.06079865,58.57633209
2024-02-14 10:58:01,1.043441772,58.27536774,58.46044922
2024-02-14 10:58:05,1.043807983,58.40956497,58.60716629
2024-02-14 10:58:08,1.028405786,58.18347168,58.62190628
2024-02-14 10:58:11,0.9995300174,57.9666214,58.54187012
2024-02-14 10:58:14,0.9857757688,58.48171997,58.77079391
2024-02-14 10:58:17,1.020471215,58.39070511,58.4007225
2024-02-14 10:58:21,1.010626197,58.17145538,58.70854568
2024-02-14 10:58:24,0.9808685184,58.31751251,58.68744659
2024-02-14 10:58:27,0.9957580566,57.66305161,58.3253746
2024-02-14 10:58:31,0.9977234006,58.24683762,58.6406517
2024-02-14 10:58:34,1.012493968,58.13153839,58.59668732
2024-02-14 10:58:37,1.011911035,58.38139725,58.7225914
2024-02-14 10:58:40,0.9891784787,58.3956604,58.77022171
2024-02-14 10:58:43,0.9982696772,58.27079391,58.64488602
2024-02-14 10:58:47,0.9981048703,58.15704346,58.85673904
2024-02-14 10:58:50,1.000354052,58.12363815,58.61454391
2024-02-14 10:58:53,0.9776916504,57.96571732,58.51803207
2024-02-14 10:58:57,0.9695861936,58.46319199,58.80644608
2024-02-14 10:59:00,0.9798340201,57.9239502,58.50131226
2024-02-14 10:59:03,0.9726806879,58.29817581,58.68925095
2024-02-14 10:59:06,0.9667083621,58.33846664,58.56801987
2024-02-14 10:59:09,0.9749420285,57.84424973,58.38996124
2024-02-14 10:59:12,0.9708954096,58.29081345,58.68062973
2024-02-14 10:59:15,0.9622894526,58.59188843,58.37843704
2024-02-14 10:59:19,0.987475574,58.05442047,58.55606079
2024-02-14 10:59:22,0.9706451297,58.20721436,58.60894775
2024-02-14 10:59:25,0.9698120356,57.81475449,58.29522705
2024-02-14 10:59:28,0.939807117,57.9862442,58.49347687
2024-02-14 10:59:31,0.9508392215,57.85777664,58.42713165
2024-02-14 10:59:34,0.9719543457,57.99880981,58.47261429
2024-02-14 10:59:38,0.9492920041,57.75365067,58.37443161
2024-02-14 10:59:40,0.9527435303,57.70431137,58.38886642
2024-02-14 10:59:44,0.960003674,57.96967316,58.59633255
2024-02-14 10:59:47,0.9527099729,57.74576569,58.23700714
2024-02-14 10:59:51,0.9679077268,57.8758812,58.36788559
2024-02-14 10:59:55,0.9617645144,58.18709183,58.6227684
2024-02-14 10:59:58,0.9615020752,58.34653854,58.68608475
2024-02-14 11:00:02,0.9582916498,57.91102219,58.42636871
2024-02-14 11:00:05,1.065341234,58.33958054,58.62000275
2024-02-14 11:00:08,1.058511376,57.71866989,58.54201126
2024-02-14 11:00:10,1.048083544,58.00201035,58.54687119
2024-02-14 11:00:13,1.059008837,57.98434067,58.53334427
2024-02-14 11:00:16,1.066043139,58.29929733,58.66381836
2024-02-14 11:00:19,1.052023292,58.37649155,58.63755417
2024-02-14 11:00:22,1.058938622,57.64419174,58.29215622
2024-02-14 11:00:25,1.049878001,57.98505402,58.4667778
2024-02-14 11:00:28,1.051519752,57.98260117,58.4197998
2024-02-14 11:00:32,1.048999071,57.97364426,58.50245285
2024-02-14 11:00:34,1.047521949,58.01115036,58.53236771
2024-02-14 11:00:38,1.070590258,57.79872513,58.31575394
2024-02-14 11:00:41,1.05721128,58.34382248,58.68706131
2024-02-14 11:00:44,1.05796206,57.6166153,57.93609238
2024-02-14 11:00:47,1.031311035,58.03358078,58.48012161
2024-02-14 11:00:51,1.045251489,58.44431305,58.7078743
2024-02-14 11:00:54,1.056259155,57.50894165,58.20499802
2024-02-14 11:00:57,1.040332079,57.94047928,58.33152008
2024-02-14 11:00:59,1.034298778,58.19762039,58.53239059
2024-02-14 11:01:03,1.064355493,57.97676468,58.4270401
2024-02-14 11:01:06,1.049227953,58.02350616,58.54774857
2024-02-14 11:01:10,1.063018799,57.64492798,58.32073593
2024-02-14 11:01:13,1.042739868,57.99767685,58.4532547
2024-02-14 11:01:16,1.047460914,58.15311813,58.54575348
2024-02-14 11:01:19,1.054879785,57.64116287,58.32899857
2024-02-14 11:01:22,1.039620996,57.9294014,58.49212265
2024-02-14 11:01:25,1.057104468,58.09903717,58.44153976
2024-02-14 11:01:28,1.058938622,57.52862549,58.20642853
2024-02-14 11:01:31,1.060153246,57.83118439,58.39936447
2024-02-14 11:01:34,1.052737474,57.58271027,58.11550522
2024-02-14 11:01:38,1.042691112,57.9853096,58.41267776
2024-02-14 11:01:41,1.055471778,57.31341553,58.44735336
2024-02-14 11:01:45,1.060891747,58.10258102,58.59470749
2024-02-14 11:01:48,1.053665161,57.5098381,58.29763412
2024-02-14 11:01:51,1.066305518,58.05358505,58.4091301
2024-02-14 11:01:55,1.052832007,58.07522583,58.54634476
2024-02-14 11:01:58,1.056094408,57.3510437,58.37897873
2024-02-14 11:02:01,1.051617503,58.26522446,58.58882523
2024-02-14 11:02:04,1.056747437,57.70488358,58.40365219
2024-02-14 11:02:06,1.047332764,57.52686691,58.45737457
2024-02-14 11:02:10,1.051461816,57.97850418,58.4394722
2024-02-14 11:02:13,1.056594849,58.08623123,58.58192062
2024-02-14 11:02:16,1.046963573,57.59417725,57.93549347
2024-02-14 11:02:20,1.043130517,57.95173264,58.43261337
2024-02-14 11:02:24,1.043121338,58.19290161,58.59678268
2024-02-14 11:02:27,1.053012133,58.00179672,58.17954254
2024-02-14 11:02:32,1.061770678,58.10654449,58.54015732
2024-02-14 11:02:36,1.041275024,57.65435791,57.9561882
2024-02-14 11:02:39,1.060199022,57.97948074,58.46464157
2024-02-14 11:02:43,1.050344825,57.80927658,58.2829895
2024-02-14 11:02:46,1.044213891,57.6796875,58.31058502
2024-02-14 11:02:49,1.048715234,57.90330887,58.42579269
2024-02-14 11:02:54,1.065747142,57.84994507,58.44408798
2024-02-14 11:02:58,1.065435767,57.89530182,58.46964264
2024-02-14 11:03:02,1.042929053,57.80753708,58.3967247
2024-02-14 11:03:06,1.044964671,57.72590256,58.33418655
2024-02-14 11:03:10,1.059304833,58.47035599,58.47037888
2024-02-14 11:03:13,1.058856249,57.50191116,58.24612427
2024-02-14 11:03:16,1.049227953,57.76898193,58.31942368
2024-02-14 11:03:19,1.050488353,57.87142563,58.63288498
2024-02-14 11:03:22,1.054821849,57.91867065,58.52481842
2024-02-14 11:03:26,1.039584398,57.44500351,58.18803787
2024-02-14 11:03:29,1.053271532,58.41154099,58.66627121
2024-02-14 11:03:32,1.035763621,57.78796005,58.44323349
2024-02-14 11:03:35,1.029931664,57.73315048,58.36167145
2024-02-14 11:03:40,1.044177294,58.06655884,58.5496788
2024-02-14 11:03:44,1.045037866,57.9582634,58.50007248
2024-02-14 11:03:47,1.05153203,57.78574753,58.3259964
2024-02-14 11:03:50,1.045675635,57.95774078,58.53675079
2024-02-14 11:03:53,1.041357398,57.72733688,58.3470726
2024-02-14 11:03:57,1.037408471,58.05901718,58.5676384
2024-02-14 11:04:00,1.041998267,57.46546173,58.18925858
2024-02-14 11:04:03,1.029266357,57.62911606,58.37922287
2024-02-14 11:04:06,1.040594459,57.79396439,58.40489578
2024-02-14 11:04:09,1.033074975,58.01210403,58.45106888
2024-02-14 11:04:13,1.054211497,57.47626877,58.20616531
2024-02-14 11:04:16,1.055035472,57.89558792,58.36936188
2024-02-14 11:04:19,1.051071167,57.41867065,58.22686386
2024-02-14 11:04:22,1.042691112,58.09677887,58.52955246
2024-02-14 11:04:25,1.058511376,57.43767166,58.2515564
2024-02-14 11:04:29,1.059698462,57.58754349,58.21090317
2024-02-14 11:04:32,1.171820045,57.76139069,57.99462509
2024-02-14 11:04:35,1.152990699,57.4190979,58.12870026
2024-02-14 11:04:38,1.170892358,57.4473381,58.19389725
2024-02-14 11:04:41,1.140386939,57.50617599,58.25933838
2024-02-14 11:04:44,1.157107592,57.65924072,58.23792648
2024-02-14 11:04:47,1.147219896,57.95559692,58.42696762
2024-02-14 11:04:50,1.13810122,57.92761993,58.50540924
2024-02-14 11:04:54,1.143124461,57.38275909,58.11795807
2024-02-14 11:04:57,1.159310937,58.1539917,58.5499649
2024-02-14 11:05:01,1.136065722,57.69536209,58.29462814
2024-02-14 11:05:05,1.138171434,56.97591782,57.89548874
2024-02-14 11:05:08,1.159988403,58.00745773,58.47254562
2024-02-14 11:05:11,1.14553833,57.47386551,58.14339066
2024-02-14 11:05:14,1.170346141,57.69686508,58.34078598
2024-02-14 11:05:19,1.153656006,57.6197319,58.53538895
2024-02-14 11:05:22,1.144195557,57.73295975,58.33275986
2024-02-14 11:05:25,1.141812205,57.1694603,58.04508209
2024-02-14 11:05:28,1.167871118,57.47143555,58.0229187
2024-02-14 11:05:33,1.149383545,57.05187607,57.93523026
2024-02-14 11:05:36,1.162728906,57.54641724,57.98023605
2024-02-14 11:05:40,1.142492652,57.87301636,58.48562241
2024-02-14 11:05:42,1.15788269,57.86253738,58.36602402
2024-02-14 11:05:45,1.15788269,57.38518906,57.896492
2024-02-14 11:05:48,1.136447191,57.33601761,58.05837631
2024-02-14 11:05:52,1.146002173,57.45819092,58.1348381
2024-02-14 11:05:54,1.147622705,57.34804153,58.02274704
2024-02-14 11:05:57,1.155038476,57.13773346,57.97035599
2024-02-14 11:06:00,1.160229564,57.61456299,58.24488449
2024-02-14 11:06:03,1.143814087,56.59619141,57.77629471
2024-02-14 11:06:06,1.135055542,57.699646,58.25007248
2024-02-14 11:06:09,1.241580248,56.8178215,58.015625
2024-02-14 11:06:13,1.255648851,57.65495682,58.29175568
2024-02-14 11:06:17,1.133401513,57.91199875,58.38810349
2024-02-14 11:06:20,1.271908641,57.49814987,58.13562775
2024-02-14 11:06:23,1.251651049,57.03003693,57.91906357
2024-02-14 11:06:26,1.265649438,58.08220291,58.46840286
2024-02-14 11:06:29,1.232940674,57.0330162,57.97483444
2024-02-14 11:06:32,1.236318946,57.25181961,57.92839432
2024-02-14 11:06:34,1.236081004,57.81548691,58.39624786
2024-02-14 11:06:36,1.243865967,58.06238937,58.18354034
2024-02-14 11:06:40,1.239602685,57.28191757,58.13664627
2024-02-14 11:06:43,1.235070825,57.51743698,58.14107895
2024-02-14 11:06:46,1.250604272,58.0332222,58.47605133
2024-02-14 11:06:49,1.272265673,57.14247513,58.0419426
2024-02-14 11:06:53,1.233691454,57.78865433,57.98669434
2024-02-14 11:06:56,1.254080176,57.16024399,58.31892014
2024-02-14 11:06:59,1.270861864,57.18945313,58.12393188
2024-02-14 11:07:02,1.252151489,57.65394974,58.29851913
2024-02-14 11:07:05,1.354501367,57.24698639,58.02091217
2024-02-14 11:07:08,1.336157203,57.45905304,58.22245026
2024-02-14 11:07:11,1.327612281,57.14364243,58.06537628
2024-02-14 11:07:14,1.349380493,57.7492981,58.33420944
2024-02-14 11:07:17,1.357821703,57.04436874,57.97309494
2024-02-14 11:07:21,1.372164965,57.7293663,58.33085251
2024-02-14 11:07:24,1.354596019,56.94926834,57.93299103
2024-02-14 11:07:26,1.353131175,57.65211868,58.29675293
2024-02-14 11:07:30,1.352703929,57.38547516,58.11959839
2024-02-14 11:07:35,1.361462474,56.95238876,57.84948349
2024-02-14 11:07:37,1.368924022,57.34527588,58.04520416
2024-02-14 11:07:40,1.35936892,57.27694321,58.0693779
2024-02-14 11:07:43,1.358975291,57.43112183,58.123909
2024-02-14 11:07:47,1.348144531,57.26746368,57.88153076
2024-02-14 11:07:49,1.344061255,56.44474411,57.50979614
2024-02-14 11:07:51,1.35269165,57.14614487,57.97786331
2024-02-14 11:07:54,1.338443041,57.46726608,58.17251205
2024-02-14 11:07:57,1.327005029,57.77165604,58.44406891
2024-02-14 11:08:01,1.352273583,57.09885406,57.94792557
2024-02-14 11:08:04,1.349063158,57.1627388,58.05847168
2024-02-14 11:08:07,1.34147644,57.54417801,58.18801498
2024-02-14 11:08:11,1.348751903,57.80691528,58.37588501
2024-02-14 11:08:13,1.450494409,57.296875,58.1374321
2024-02-14 11:08:16,1.459921241,57.36214066,58.15703201
2024-02-14 11:08:20,1.469992042,57.38714218,58.12612534
2024-02-14 11:08:23,1.456207275,58.05069733,58.57339478
2024-02-14 11:08:26,1.443707347,57.59675217,58.29849243
2024-02-14 11:08:29,1.463885546,57.87787628,58.18703842
2024-02-14 11:08:32,1.451873779,57.46281052,58.23214722
2024-02-14 11:08:35,1.457492113,57.83408356,58.10945511
2024-02-14 11:08:38,1.453970313,56.54270554,57.5948143
2024-02-14 11:08:41,1.457717896,57.90942383,58.43478012
2024-02-14 11:08:43,1.463861108,57.39842606,58.25860214
2024-02-14 11:08:46,1.430972338,57.7797966,58.36038208
2024-02-14 11:08:51,1.449874878,57.37621689,58.18299103
2024-02-14 11:08:54,1.450552344,57.67633057,58.35333252
2024-02-14 11:08:57,1.446304321,57.5761528,58.06251907
2024-02-14 11:09:00,1.455957055,57.60856247,58.30558395
2024-02-14 11:09:03,1.463394165,57.23601151,58.09283447
2024-02-14 11:09:07,1.559399486,57.7258873,58.33649826
2024-02-14 11:09:10,1.556234717,57.20186234,58.3644371
2024-02-14 11:09:13,1.57433784,57.82199097,58.3710022
2024-02-14 11:09:16,1.573504686,57.95888138,58.50017166
2024-02-14 11:09:18,1.540786743,58.00159836,58.50603104
2024-02-14 11:09:21,1.548403978,57.27365875,58.13708115
2024-02-14 11:09:24,1.537594676,57.15478516,58.39257813
2024-02-14 11:09:27,2.107211351,57.00030136,57.94515991
2024-02-14 11:09:30,1.668115258,57.41580963,58.18091965
2024-02-14 11:09:33,1.543988109,57.61123276,58.24746323
2024-02-14 11:09:36,1.563519359,57.39206696,58.23469162
2024-02-14 11:09:38,1.551043749,57.25260544,58.12133789
2024-02-14 11:09:41,1.548461914,57.7575798,58.21178818
2024-02-14 11:09:45,1.554498315,57.24000931,58.09716797
2024-02-14 11:09:48,1.548059106,57.3325386,57.99885941
2024-02-14 11:09:51,1.547534227,57.76843262,58.39791489
2024-02-14 11:09:54,1.559710741,57.79925156,58.41027451
2024-02-14 11:09:57,1.564599633,57.17481232,58.07104111
2024-02-14 11:10:00,1.657394409,57.96680832,58.40860748
2024-02-14 11:10:03,1.649035692,57.35128403,58.13800812
2024-02-14 11:10:07,1.645108104,57.87725449,58.4047966
2024-02-14 11:10:10,1.660049438,57.72883987,58.268013
2024-02-14 11:10:13,1.642541528,57.81903839,58.46892929
2024-02-14 11:10:16,1.63029182,57.36080551,58.1053772
2024-02-14 11:10:19,1.645358324,57.66956711,58.24309921
2024-02-14 11:10:22,1.654168725,58.06548691,58.56317902
2024-02-14 11:10:24,1.663034081,57.32727814,58.06904221
2024-02-14 11:10:28,1.652395606,57.32025909,58.12984085
2024-02-14 11:10:31,1.651345849,57.68535995,58.3634758
2024-02-14 11:10:34,1.647467017,57.36185455,58.12543488
2024-02-14 11:10:37,1.652133226,57.74055099,58.2662735
2024-02-14 11:10:40,1.632840037,57.7772789,58.42584229
2024-02-14 11:10:43,1.766275048,57.47429276,58.18172836
2024-02-14 11:10:46,1.759088159,57.5574913,58.19999313
2024-02-14 11:10:49,1.758801341,57.74341583,58.43139267
2024-02-14 11:10:53,1.742782593,57.72029495,58.40996933
2024-02-14 11:10:56,1.732391357,57.39297485,58.18616486
2024-02-14 11:10:59,1.744970679,57.78036499,58.3880806
2024-02-14 11:11:02,1.767944336,57.68935776,58.38676834
2024-02-14 11:11:05,1.744934082,57.43695831,58.1389122
2024-02-14 11:11:08,1.746685863,57.83603668,58.29544067
2024-02-14 11:11:11,1.765719652,57.61404037,58.29851913
2024-02-14 11:11:14,1.76296699,57.33361435,58.21866608
2024-02-14 11:11:17,1.757220507,57.82225418,58.44875717
2024-02-14 11:11:20,1.748281837,57.74379349,58.38507843
2024-02-14 11:11:25,1.743734717,56.95346069,58.14294052
2024-02-14 11:11:27,1.839941382,57.45330811,58.2145462
2024-02-14 11:11:30,1.841000438,57.94047928,58.47366333
2024-02-14 11:11:33,1.865982056,57.80799103,58.4226799
2024-02-14 11:11:36,1.841165185,57.3365593,58.09938431
2024-02-14 11:11:39,1.847045898,57.79556274,58.34623337
2024-02-14 11:11:43,1.841677904,56.92185593,57.91677856
2024-02-14 11:11:46,1.843130469,57.43888092,58.14197922
2024-02-14 11:11:49,1.834240794,57.98774338,58.54253769
2024-02-14 11:11:53,1.860107422,57.55691528,58.29874802
2024-02-14 11:11:57,1.841546655,57.85006332,58.38269806
2024-02-14 11:12:00,1.843692064,57.4732666,58.21895218
2024-02-14 11:12:03,1.842538476,57.29896164,58.12652588
2024-02-14 11:12:06,1.847738624,57.75057602,58.42551804
2024-02-14 11:12:10,1.94241035,57.28563309,58.17453766
2024-02-14 11:12:13,1.96534729,57.05960846,58.0887413
2024-02-14 11:12:16,1.932495117,57.46115112,58.51441193
2024-02-14 11:12:20,1.947991967,57.97628784,58.15963364
2024-02-14 11:12:23,1.962142944,57.81327438,58.42408371
2024-02-14 11:12:26,1.978521705,57.38080597,58.15827179
2024-02-14 11:12:29,1.956298828,57.70621872,58.31568146
2024-02-14 11:12:32,1.946279883,57.18421555,58.04328156
2024-02-14 11:12:35,1.950027466,57.58987045,58.44061279
2024-02-14 11:12:38,1.869174242,57.93473434,58.52355576
2024-02-14 11:12:43,1.947921753,57.5779686,58.24531174
2024-02-14 11:12:46,1.949755907,57.43598175,58.19897079
2024-02-14 11:12:50,2.037176609,57.85287094,58.29648972
2024-02-14 11:12:53,2.029891968,57.62337875,58.29191971
2024-02-14 11:12:57,2.041915894,57.54063034,58.30258942
2024-02-14 11:13:00,2.053341627,57.35785675,58.10547638
2024-02-14 11:13:03,2.043115377,57.27439117,58.1463623
2024-02-14 11:13:07,2.05530405,57.48031616,58.25169754
2024-02-14 11:13:11,2.057495117,57.77912521,58.42686844
2024-02-14 11:13:15,2.035079956,57.19269562,58.09237671
2024-02-14 11:13:19,2.029181004,57.74274445,58.38222122
2024-02-14 11:13:23,2.04030776,57.50898361,58.24667358
2024-02-14 11:13:27,2.033404589,57.86227417,58.43148804
2024-02-14 11:13:30,2.150311232,57.68464279,58.40496445
2024-02-14 11:13:34,2.15133357,57.35861969,58.13562775
2024-02-14 11:13:37,2.155047655,57.67626572,58.301754
2024-02-14 11:13:40,2.143048048,57.69121933,58.25828934
2024-02-14 11:13:44,2.152999878,57.47993851,58.14817429
2024-02-14 11:13:47,2.159179688,57.65764236,58.34233475
2024-02-14 11:13:49,2.154571533,57.73914719,58.41060257
2024-02-14 11:13:53,2.149990797,57.10673141,57.97221756
2024-02-14 11:13:56,2.122112989,57.24393845,58.45066452
2024-02-14 11:14:02,2.119720459,56.74865341,57.81827927
2024-02-14 11:14:05,2.261908054,57.30374908,58.09690475
2024-02-14 11:14:08,2.255206347,58.11040115,58.6187439
2024-02-14 11:14:11,2.249850512,57.10992432,58.02296066
2024-02-14 11:14:14,2.236425877,57.79029465,58.40579224
2024-02-14 11:14:18,2.233340502,57.42760086,58.26912308
2024-02-14 11:14:21,2.242401123,57.57442093,58.29927444
2024-02-14 11:14:25,2.231567383,57.51412582,58.32316208
2024-02-14 11:14:28,2.243554831,57.68828201,58.41384506
2024-02-14 11:14:32,2.247387648,57.4375267,58.19154739
2024-02-14 11:14:35,2.341894627,57.22055817,57.97821045
2024-02-14 11:14:38,2.340881348,57.31896973,57.92786789
2024-02-14 11:14:42,2.363009691,57.60282516,57.94844437
2024-02-14 11:14:46,2.352795362,57.81732178,58.44775391
2024-02-14 11:14:50,2.332360983,57.35935211,58.09819412
2024-02-14 11:14:53,2.359460592,57.48562622,58.56099319
2024-02-14 11:14:57,2.365271091,57.42642975,58.26436234
2024-02-14 11:15:00,1.232153296,57.58887482,58.18194199
2024-02-14 11:15:03,1.235867381,57.82630157,58.45513916
2024-02-14 11:15:06,1.239511132,57.26181793,58.08285522
2024-02-14 11:15:09,1.22705996,57.81215286,58.32666016
2024-02-14 11:15:12,1.221917748,57.03875351,57.88434601
2024-02-14 11:15:16,1.223919749,57.85325241,58.44308472
2024-02-14 11:15:20,1.211657763,57.57529831,58.18478012
2024-02-14 11:15:23,1.211181641,57.2809639,58.24610138
2024-02-14 11:15:26,1.220336914,58.0678978,58.58623886
2024-02-14 11:15:30,1.237176538,57.70705032,58.35526276
2024-02-14 11:15:33,1.237475634,56.96986008,57.97612381
2024-02-14 11:15:36,1.220727563,57.66030502,58.15800858
2024-02-14 11:15:40,1.235900879,57.66340256,58.29279709
2024-02-14 11:15:43,1.216882348,57.93842697,58.60266876
2024-02-14 11:15:47,1.127664208,57.59570313,58.2971077
2024-02-14 11:15:50,1.124020457,57.14787674,57.98307419
2024-02-14 11:15:53,1.126696825,57.52303696,58.38062286
2024-02-14 11:15:56,1.114202857,57.32804108,58.12095261
2024-02-14 11:15:59,1.124151587,56.88418579,57.82197189
2024-02-14 11:16:03,1.126223803,58.12908936,58.54105759
2024-02-14 11:16:07,1.11869812,57.68717194,58.37820053
2024-02-14 11:16:10,1.108938575,56.67889023,57.97710037
2024-02-14 11:16:13,1.115664721,57.84730148,58.43027878
2024-02-14 11:16:16,1.094110131,57.26715088,58.26632309
2024-02-14 11:16:19,1.116986156,57.61187744,58.26638794
2024-02-14 11:16:23,1.11894834,57.79491806,58.48390579
2024-02-14 11:16:25,1.135897875,56.80287552,57.90084839
2024-02-14 11:16:28,1.115615845,57.87771225,58.37360382
2024-02-14 11:16:31,1.114593506,57.70852661,58.41308212
2024-02-14 11:16:36,1.113449097,57.33368683,58.32630539
2024-02-14 11:16:39,1.120532274,57.1237793,57.94726181
2024-02-14 11:16:43,1.128256202,57.95852661,58.54912949
2024-02-14 11:16:46,1.134982347,57.24221802,58.13581467
2024-02-14 11:16:49,1.118237376,57.32035065,58.05487061
2024-02-14 11:16:52,1.109140038,57.90859604,58.13912964
2024-02-14 11:16:55,0.8795440793,56.80161285,57.93999863
2024-02-14 11:16:59,1.125293016,57.70445633,58.25074387
2024-02-14 11:17:02,1.08127749,57.69145584,58.29008102
2024-02-14 11:17:06,1.123126268,57.33387375,58.12038803
2024-02-14 11:17:09,1.105487108,57.86332321,58.29951096
2024-02-14 11:17:12,1.118591309,57.44715118,58.24880981
2024-02-14 11:17:15,1.138458252,57.06506348,58.09592819
2024-02-14 11:17:17,1.120495677,57.46631622,58.15195847
2024-02-14 11:17:21,1.12272346,57.84182739,58.41260529
2024-02-14 11:17:24,1.130517602,57.55944443,58.33504105
2024-02-14 11:17:27,1.125448585,57.08440018,58.0984993
2024-02-14 11:17:30,1.139508128,57.88196945,58.44511032
2024-02-14 11:17:33,1.13343513,57.16783524,58.3077774
2024-02-14 11:17:36,1.14553833,57.59287643,58.00298691
2024-02-14 11:17:39,1.142062426,57.36439896,58.38262558
2024-02-14 11:17:42,1.154775977,57.50512695,57.96088409
2024-02-14 11:17:45,1.154586792,57.68423462,58.06549072
2024-02-14 11:17:48,1.163012743,57.75867844,58.37078857
2024-02-14 11:17:52,1.15359807,57.19293213,57.99303055
2024-02-14 11:17:55,1.173809886,57.58806992,58.28364944
2024-02-14 11:17:57,1.089312792,57.87282944,58.3984642
2024-02-14 11:18:00,1.089706421,57.92406845,58.47694778
2024-02-14 11:18:03,1.104251146,57.07499313,57.95392609
2024-02-14 11:18:06,1.089541674,57.8821373,58.17515945
2024-02-14 11:18:10,1.097192407,57.86878204,58.01433945
2024-02-14 11:18:12,1.102703929,57.44914627,58.14760208
2024-02-14 11:18:15,1.119378686,57.58768463,58.23650742
2024-02-14 11:18:17,1.107724071,57.24082184,58.08709335
2024-02-14 11:18:20,1.113058448,57.72721481,58.14922714
2024-02-14 11:18:24,1.117581248,57.9020195,58.45042801
2024-02-14 11:18:27,1.137579322,57.40040207,58.12955475
2024-02-14 11:18:30,1.033740282,57.38835526,58.11753082
2024-02-14 11:18:33,1.031408668,57.599823,58.21723557
2024-02-14 11:18:36,1.026242137,56.80925369,57.88209915
2024-02-14 11:18:39,1.041049242,57.78918076,58.38645554
2024-02-14 11:18:41,1.04473877,57.47460556,58.20695114
2024-02-14 11:18:44,1.037145972,57.16685867,58.07411575
2024-02-14 11:18:46,1.066210985,57.43928909,58.14221954
2024-02-14 11:18:49,1.046179175,57.67030716,58.32042313
2024-02-14 11:18:52,1.046475291,57.44295883,58.19194412
2024-02-14 11:18:55,0.9771332145,57.229702,58.02222443
2024-02-14 11:18:58,0.9415557981,57.912117,58.49116898
2024-02-14 11:19:02,0.9613830447,57.51353836,58.23345566
2024-02-14 11:19:06,0.9500183463,57.74065018,58.4463768
2024-02-14 11:19:09,0.9606232047,57.88888168,58.45132446
2024-02-14 11:19:12,0.9525787234,57.13518906,57.95987701
2024-02-14 11:19:15,0.9497192502,57.83889389,58.43801498
2024-02-14 11:19:18,0.9315338135,57.409832,58.25312042
2024-02-14 11:19:21,0.8562042117,57.99308014,58.45587921
2024-02-14 11:19:24,0.8491088748,57.45352936,58.18863678
2024-02-14 11:19:27,0.8413848877,57.91704941,58.13950729
2024-02-14 11:19:30,0.845715344,57.12614059,58.31869125
2024-02-14 11:19:34,0.8460479975,57.72784042,58.3072319
2024-02-14 11:19:37,0.8661071658,57.98138428,58.54070663
2024-02-14 11:19:40,0.8637115359,57.46812057,58.20504379
2024-02-14 11:19:44,0.8593689203,57.49715042,58.23392868
2024-02-14 11:19:47,0.8622986078,57.52508163,58.34745026
2024-02-14 11:19:49,0.8609161377,57.41671371,58.25545883
2024-02-14 11:19:52,0.8824462891,57.71247482,58.3395195
2024-02-14 11:19:55,0.8623108268,57.38576126,58.26057816
2024-02-14 11:19:58,0.8513733149,57.79005814,58.42960739
2024-02-14 11:20:01,0.8691040277,57.86765671,58.32299805
2024-02-14 11:20:04,0.8668884635,57.53336716,58.26205444
2024-02-14 11:20:07,0.7148254514,57.75201035,58.38666916
2024-02-14 11:20:11,0.8570739627,57.67852783,58.31489182
2024-02-14 11:20:14,0.8659515381,57.62892532,58.17968369
2024-02-14 11:20:17,0.8549408317,57.77155685,58.40501022
2024-02-14 11:20:20,0.8556060791,57.48207474,58.16596603
2024-02-14 11:20:23,0.8669372797,57.62561798,58.30960846
2024-02-14 11:20:27,0.8530151248,57.37752151,58.051754
2024-02-14 11:20:29,0.8737823367,57.24417877,58.03253937
2024-02-14 11:20:32,0.8648681641,57.67430496,58.08881378
2024-02-14 11:20:35,0.8563812375,57.15126419,58.04489136
2024-02-14 11:20:38,0.8432525992,57.78744125,58.36540604
2024-02-14 11:20:41,0.8370880485,57.26091385,58.18640137
2024-02-14 11:20:45,0.8658081293,57.73881912,58.33878708
2024-02-14 11:20:48,0.8472290039,57.36194992,58.10206985
2024-02-14 11:20:51,0.855050683,57.89635086,58.23045731
2024-02-14 11:20:54,0.8626312613,57.91537476,58.4842186
2024-02-14 11:20:57,0.8627380729,57.10261154,58.01115036
2024-02-14 11:21:00,0.8547515869,57.71931076,58.3329277
2024-02-14 11:21:03,0.8544891477,57.2947998,57.89391708
2024-02-14 11:21:06,0.8454559445,57.35378647,58.12793732
2024-02-14 11:21:10,0.8651275635,57.7379837,58.19032669
2024-02-14 11:21:13,0.8536316156,57.35171127,58.07957077
2024-02-14 11:21:16,0.8443359733,57.28477097,58.1019783
2024-02-14 11:21:19,0.8588470817,57.40948105,58.30689621
2024-02-14 11:21:22,0.8590484858,57.22576904,57.9997673
2024-02-14 11:21:25,0.8504180908,57.81882477,58.36748123
2024-02-14 11:21:28,0.8496918082,57.5471077,58.33149338
2024-02-14 11:21:30,0.832922399,57.22340775,58.07464218
2024-02-14 11:21:32,0.8528472781,57.2682991,57.92416
2024-02-14 11:21:35,0.8296356201,57.27003098,58.12765121
2024-02-14 11:21:38,0.8393127322,57.87901688,58.47562408
2024-02-14 11:21:42,0.8355407715,57.09487915,58.00938797
2024-02-14 11:21:46,0.8300079703,57.32730103,58.29355621
2024-02-14 11:21:48,0.8373504877,58.02260208,58.52174759
2024-02-14 11:21:52,0.8470398188,57.25658035,58.12562943
2024-02-14 11:21:55,0.8371459842,57.85633087,58.41270065
2024-02-14 11:21:59,0.8454681635,57.78487015,58.41841507
2024-02-14 11:22:03,0.8301605582,57.59254074,58.29772949
2024-02-14 11:22:05,0.825076282,57.97600174,58.40686798
2024-02-14 11:22:08,0.8319122195,57.60785675,58.30894089
2024-02-14 11:22:12,0.8343017697,57.7025032,58.29149246
2024-02-14 11:22:16,0.840573132,58.30526733,58.63228989
2024-02-14 11:22:19,0.8184387088,57.56238937,58.32902145
2024-02-14 11:22:22,0.8265777826,57.1777153,58.05842209
2024-02-14 11:22:25,0.8232574463,58.17697906,58.59951782
2024-02-14 11:22:28,0.8244842887,57.41171265,58.13803101
2024-02-14 11:22:31,0.8248382807,56.99520493,58.04310989
2024-02-14 11:22:34,0.8372558951,57.60925293,58.27293777
2024-02-14 11:22:37,0.8301849365,57.72082138,58.42263412
2024-02-14 11:22:41,0.8321258426,57.37759399,58.17394638
2024-02-14 11:22:44,0.8222808838,57.26074982,58.1120491
2024-02-14 11:22:47,0.8223541379,57.45388412,57.9070549
2024-02-14 11:22:50,0.8329803348,56.86356735,58.1608696
2024-02-14 11:22:53,0.8309448361,57.90587997,58.46718979
2024-02-14 11:22:56,0.9130584598,57.87249374,58.51579666
2024-02-14 11:23:00,0.923486352,57.61825562,58.35352707
2024-02-14 11:23:03,0.9109558463,57.39835358,58.15760422
2024-02-14 11:23:05,0.8919219971,57.7964859,58.45739746
2024-02-14 11:23:07,0.9053344727,57.47981644,58.25600815
2024-02-14 11:23:09,0.9316772819,57.38513947,58.13207626
2024-02-14 11:23:12,0.91015625,56.85335922,57.90820313
2024-02-14 11:23:16,0.9109802246,57.81161118,58.39807892
2024-02-14 11:23:19,0.9084320068,57.06884766,58.02675247
2024-02-14 11:23:22,0.9097290039,57.97540283,58.24930954
2024-02-14 11:23:26,0.9162750244,57.84713745,58.46935654
2024-02-14 11:23:29,0.9015869498,57.07633209,58.00277328
2024-02-14 11:23:32,0.9167968631,57.97686386,58.33721542
2024-02-14 11:23:35,0.9082061648,57.21986008,58.51836014
2024-02-14 11:23:38,0.9132263064,57.28984451,58.06063461
2024-02-14 11:23:42,0.9092376828,57.93735886,58.58116531
2024-02-14 11:23:45,0.9104186893,57.25820541,58.53513336
2024-02-14 11:23:48,0.9060394168,57.50293732,58.22452545
2024-02-14 11:23:51,0.8890167475,57.44869614,58.18418121
2024-02-14 11:23:54,0.8955658078,57.78745651,58.46787643
2024-02-14 11:23:57,0.8925293088,57.51153183,58.33782959
2024-02-14 11:24:00,0.8998016715,56.99922562,58.32725906
2024-02-14 11:24:03,0.8765533566,57.9521904,58.47192383
2024-02-14 11:24:06,0.9837280512,57.70505524,58.44196701
2024-02-14 11:24:09,0.992401123,57.42426682,58.15205765
2024-02-14 11:24:11,0.5754821897,57.41723633,58.25277328
2024-02-14 11:24:14,0.9740509391,57.53884506,58.5092659
2024-02-14 11:24:17,0.9840576053,57.25677109,58.12376785
2024-02-14 11:24:20,0.9721466303,57.65618896,58.37533569
2024-02-14 11:24:23,0.9652892947,57.8054924,58.41696167
2024-02-14 11:24:26,0.974847436,57.41283798,58.21385574
2024-02-14 11:24:29,0.9774047732,57.26346588,57.95769119
2024-02-14 11:24:32,0.9798950553,57.75789261,58.41025543
2024-02-14 11:24:35,0.9613372684,57.26148605,58.1201973
2024-02-14 11:24:38,0.9443389773,57.71598434,58.32366562
2024-02-14 11:24:41,0.9569122195,58.17868805,58.36716843
2024-02-14 11:24:44,0.9593139887,57.6713562,58.30216217
2024-02-14 11:24:47,0.9706451297,57.05620956,57.90222168
2024-02-14 11:24:50,0.9588165283,57.35473251,58.08592606
2024-02-14 11:24:53,0.9367828369,57.80463409,58.48873901
2024-02-14 11:24:56,0.9309143424,57.32061386,58.28717804
2024-02-14 11:24:59,0.9414123893,57.45295334,58.46042633
2024-02-14 11:25:02,0.9362335205,57.68633652,58.38636017
2024-02-14 11:25:05,0.9527435303,57.21186447,58.08288193
2024-02-14 11:25:07,0.9436767697,57.88873291,58.46828079
2024-02-14 11:25:10,0.9120361209,58.10528183,58.59882736
2024-02-14 11:25:14,0.9052429199,57.70617294,58.35109329
2024-02-14 11:25:17,0.9199890494,57.51648712,58.04646683
2024-02-14 11:25:21,0.9428283572,57.88623047,58.56637573
2024-02-14 11:25:24,0.9147033691,57.57325363,58.31408691
2024-02-14 11:25:27,0.920309484,57.47924423,58.20032883
2024-02-14 11:25:32,0.9065613151,58.00376511,58.54401398
2024-02-14 11:25:35,0.9321533442,57.28344345,58.03815842
2024-02-14 11:25:38,0.9165984988,57.82227707,58.4261055
2024-02-14 11:25:41,0.9201782346,57.49517822,58.23631668
2024-02-14 11:25:45,0.916479528,57.16718674,58.05206299
2024-02-14 11:25:48,0.9340118766,57.89380646,58.4884758
2024-02-14 11:25:51,0.9211059809,57.34498978,58.22198105
2024-02-14 11:25:55,0.9213684201,57.02677536,57.98600388
2024-02-14 11:25:58,0.9086456299,57.75133896,58.46213913
2024-02-14 11:26:01,0.8985748291,57.37112045,58.22978592
2024-02-14 11:26:04,0.895196557,57.80208206,58.41065216
2024-02-14 11:26:08,0.9046234488,57.50384521,58.24578857
2024-02-14 11:26:11,0.9120605588,57.39986038,58.20502472
2024-02-14 11:26:14,0.8964813352,57.70607376,58.30296707
2024-02-14 11:26:17,0.9019562006,57.50870514,58.20266342
2024-02-14 11:26:20,0.9187256098,57.92881012,58.52648544
2024-02-14 11:26:23,0.9038360715,57.71497726,58.31551743
2024-02-14 11:26:26,0.8968750238,57.43521881,58.1882515
2024-02-14 11:26:29,0.9083251953,57.03020096,57.78744507
2024-02-14 11:26:32,0.8973633051,57.98545456,58.52013016
2024-02-14 11:26:35,0.8888031244,57.16969681,58.06318283
2024-02-14 11:26:39,0.9968444705,57.25522614,58.4117012
2024-02-14 11:26:43,0.9934875369,57.79506302,58.11121368
2024-02-14 11:26:47,0.9789062738,57.83963013,58.20930862
2024-02-14 11:26:51,0.9940673709,57.4658165,58.30080032
2024-02-14 11:26:55,1.004983544,57.46455002,58.26860428
2024-02-14 11:26:59,0.9868927002,57.84670639,58.40208054
2024-02-14 11:27:02,1.012884498,57.76569748,58.37221909
2024-02-14 11:27:06,0.9832855463,57.66823959,58.35760117
2024-02-14 11:27:09,1.004449487,57.87285233,58.47161484
2024-02-14 11:27:12,1.005459666,57.97536087,58.56487656
2024-02-14 11:27:16,0.9969726801,57.27496338,57.9980278
2024-02-14 11:27:19,0.9845458865,57.84963608,58.5124588
2024-02-14 11:27:22,0.9791778922,57.4184761,58.50067139
2024-02-14 11:27:25,0.9978424311,57.19135666,58.36774445
2024-02-14 11:27:28,0.9868927002,57.34704208,58.20197296
2024-02-14 11:27:31,0.9850128293,58.16938019,58.67258453
2024-02-14 11:27:35,0.9927612543,57.7016716,58.39836502
2024-02-14 11:27:38,0.9871063232,57.93426132,58.51615143
2024-02-14 11:27:40,0.9866546988,57.70676804,58.39624786
2024-02-14 11:27:43,0.994592309,57.44588852,58.32235336
2024-02-14 11:27:46,1.005984545,57.64497757,58.4030838
2024-02-14 11:27:49,1.013552904,57.93733597,58.51945877
2024-02-14 11:27:52,0.9987487793,57.4916954,58.07445145
2024-02-14 11:27:55,0.9829864502,57.66931152,58.29541779
2024-02-14 11:27:58,0.9851196408,57.92935944,58.58966064
2024-02-14 11:28:01,1.000842333,57.63095093,58.4007225
2024-02-14 11:28:05,0.9964508414,56.55937576,57.84323883
2024-02-14 11:28:09,0.9961151481,57.40430832,58.20292282
2024-02-14 11:28:12,0.9772979617,57.22158432,58.04794312
2024-02-14 11:28:15,0.9923797846,57.76422119,58.42351151
2024-02-14 11:28:17,0.9944152832,57.29927444,58.3296814
2024-02-14 11:28:21,0.9961517453,57.42831421,58.24964523
2024-02-14 11:28:24,1.000640869,57.6978569,58.03225327
2024-02-14 11:28:27,0.9817627072,57.65938187,58.34843063
2024-02-14 11:28:30,0.9854522943,57.47903061,58.20301437
2024-02-14 11:28:33,0.9987701774,57.38664627,58.12192917
2024-02-14 11:28:36,0.9911193848,58.05093384,58.57694626
2024-02-14 11:28:39,0.9926422238,57.62049484,58.12236404
2024-02-14 11:28:43,0.9913910031,57.56506348,58.21057129
2024-02-14 11:28:46,0.9918670654,57.73181152,58.34673691
2024-02-14 11:28:49,0.9827484488,57.51391602,58.26691437
2024-02-14 11:28:52,0.9919006228,57.65005112,58.34778595
2024-02-14 11:28:55,1.01146853,57.81555939,58.37324142
2024-02-14 11:28:58,1.012173533,57.31834793,58.03824997
2024-02-14 11:29:02,0.9880096316,57.29417801,58.47735596
2024-02-14 11:29:04,1.002209544,57.91266632,58.56525421
2024-02-14 11:29:08,0.9820251465,57.18800735,58.07435226
2024-02-14 11:29:11,0.9836425781,57.84594345,58.15374756
2024-02-14 11:29:14,0.9826537967,57.77938843,58.45892334
2024-02-14 11:29:18,0.9988769889,57.3446846,58.15839386
2024-02-14 11:29:22,0.9988678098,57.46240997,58.16451645
2024-02-14 11:29:25,1.003201365,57.44507599,58.15836716
2024-02-14 11:29:28,0.9949859977,57.76272583,58.45647049
2024-02-14 11:29:31,0.992831409,57.37112045,58.11300278
2024-02-14 11:29:34,1.002508521,57.81568146,58.49245071
2024-02-14 11:29:37,0.9764526486,57.40538406,58.18741989
2024-02-14 11:29:39,1.003424048,57.69311523,58.38584137
2024-02-14 11:29:42,0.9994232059,57.64330673,58.32049179
2024-02-14 11:29:45,1.010781884,57.67985916,58.3060379
2024-02-14 11:29:48,1.011267066,57.50810623,58.30518341
2024-02-14 11:29:51,0.9887237549,57.5892601,58.26107788
2024-02-14 11:29:54,0.9983062744,57.14214706,58.02400589
2024-02-14 11:29:56,1.002948046,57.15162277,58.12386703
2024-02-14 11:29:59,1.002948046,57.82491684,58.44940186
2024-02-14 11:30:02,1.007659912,57.27972412,58.1438179
2024-02-14 11:30:05,0.9985076785,57.85006332,58.56030273
2024-02-14 11:30:08,0.981692493,57.30849075,58.12531662
2024-02-14 11:30:11,0.9905945063,57.12214279,58.02957916
2024-02-14 11:30:13,1.001434326,57.92028427,58.45933151
2024-02-14 11:30:16,1.007696509,57.33744431,58.2295723
2024-02-14 11:30:19,1.004113793,57.51567459,58.33973312
2024-02-14 11:30:22,0.998712182,57.35326004,58.22592926
2024-02-14 11:30:24,1.004507422,57.7210083,58.44366074
2024-02-14 11:30:27,1.001068115,57.07770538,58.0496788
2024-02-14 11:30:30,0.9898437858,57.64300156,58.29546738
2024-02-14 11:30:33,0.9885345697,57.48072433,58.16308212
2024-02-14 11:30:35,0.9953674674,57.7518425,58.3932457
2024-02-14 11:30:39,0.9843201041,57.37294388,58.25400543
2024-02-14 11:30:42,0.9880585074,57.14224243,58.20385361
2024-02-14 11:30:44,1.003625512,57.72688675,58.38946152
2024-02-14 11:30:47,1.111926317,57.42861938,58.21876144
2024-02-14 11:30:50,1.110284448,57.09392929,58.04608917
2024-02-14 11:30:53,1.096740723,57.59461212,58.2935791
2024-02-14 11:30:56,1.077160716,58.06103516,58.57896805
2024-02-14 11:30:59,1.093679786,57.46617508,58.31027985
2024-02-14 11:31:01,1.12361753,57.64069366,58.26548386
2024-02-14 11:31:04,1.107440233,57.47310257,58.19542313
2024-02-14 11:31:07,1.087112427,57.71233749,58.39312744
2024-02-14 11:31:10,1.084158301,57.59973145,58.35157013
2024-02-14 11:31:12,1.090264916,57.51246262,58.30568314
2024-02-14 11:31:15,1.101797462,57.93911743,58.50250244
2024-02-14 11:31:18,1.107070923,57.63004303,58.30534744
2024-02-14 11:31:20,1.089028955,57.26960373,58.14934158
2024-02-14 11:31:23,1.097097754,58.07979965,58.58233261
2024-02-14 11:31:25,1.11252439,57.91894531,58.51096344
2024-02-14 11:31:26,1.08367312,57.20081329,58.14788818
2024-02-14 11:31:28,1.094741821,57.19129181,58.07361603
2024-02-14 11:31:31,1.108129859,57.6166153,58.30685043
2024-02-14 11:31:34,1.09601438,57.88082886,58.04410934
2024-02-14 11:31:37,1.097619653,57.06132889,58.10479355
2024-02-14 11:31:39,1.087930322,57.74134064,58.30017853
2024-02-14 11:31:43,1.078277588,57.97295761,58.53158188
2024-02-14 11:31:45,1.094491601,57.59363937,58.30482101
2024-02-14 11:31:48,1.106130958,57.26331711,58.31463623
2024-02-14 11:31:51,1.10861814,57.87901688,58.52093506
2024-02-14 11:31:54,1.099725366,57.49188995,58.25014877
2024-02-14 11:31:57,1.098181129,57.6283989,58.36953354
2024-02-14 11:31:59,1.090240479,57.88151932,58.4247551
2024-02-14 11:32:02,1.097787499,57.84106445,58.58194733
2024-02-14 11:32:06,1.109796166,57.38949585,58.20775986
2024-02-14 11:32:10,1.101110816,57.67444992,58.27148438
2024-02-14 11:32:14,1.191018701,57.72512817,58.19244385
2024-02-14 11:32:18,1.200244188,57.24544144,58.07575607
2024-02-14 11:32:24,1.225381494,57.57770538,58.25053024
2024-02-14 11:32:34,,57.71788406,58.11407471
2024-02-14 11:32:39,1.200708032,57.48631668,58.31972885
2024-02-14 11:32:43,1.200149536,57.73024368,58.3596611
2024-02-14 11:32:48,1.191827416,57.2238884,58.13586044
2024-02-14 11:32:51,1.211871386,58.16647339,58.62450027
2024-02-14 11:32:55,1.211633325,57.34366608,58.09838486
2024-02-14 11:32:59,1.203396678,57.61280441,58.21749496
2024-02-14 11:33:02,1.194958568,57.89754868,58.47516632
2024-02-14 11:33:05,1.196923852,57.61008835,58.40110397
2024-02-14 11:33:08,1.18182075,57.36716461,58.15594482
2024-02-14 11:33:12,1.208123803,57.90299606,58.45602417
2024-02-14 11:33:17,1.207324266,57.15959549,58.09462357
2024-02-14 11:33:21,1.300964355,57.93581009,58.50764847
2024-02-14 11:33:24,1.300570726,57.14995193,58.2512207
2024-02-14 11:33:28,1.28792727,57.77833939,57.97959518
2024-02-14 11:33:41,,57.49683762,58.22537994
2024-02-14 11:33:44,1.299484253,57.24691391,58.0352478
2024-02-14 11:33:48,1.275097728,57.58742142,58.32326126
2024-02-14 11:33:53,1.30305481,57.80989456,58.45392609
2024-02-14 11:33:57,1.298571825,57.84289551,58.42081833
2024-02-14 11:34:00,1.287478685,57.79181671,58.2752037
2024-02-14 11:34:04,1.297308326,57.76000595,58.49371338
2024-02-14 11:34:07,1.286129832,57.39657211,58.0829277
2024-02-14 11:34:11,1.302938819,57.83148956,58.43366241
2024-02-14 11:34:15,1.300082445,57.49672318,58.22347641
2024-02-14 11:34:19,1.311340332,57.82899094,58.42179489
2024-02-14 11:34:22,1.398767114,57.13823318,58.05106354
2024-02-14 11:34:26,1.41103518,57.40214157,58.1383934
2024-02-14 11:34:29,1.395645142,57.88473511,58.57323074
2024-02-14 11:34:33,1.41859436,57.32722855,58.19004059
2024-02-14 11:34:36,1.41103518,57.64754868,58.2699585
2024-02-14 11:34:39,1.42262876,57.85882568,58.36228561
2024-02-14 11:34:43,1.395608544,57.08906937,58.05589676
2024-02-14 11:34:46,1.393173218,57.1841507,58.38505173
2024-02-14 11:34:50,1.418676734,57.74612427,58.38140869
2024-02-14 11:34:54,1.407431006,57.32415771,58.1507988
2024-02-14 11:34:58,1.418331981,57.46543503,58.2791748
2024-02-14 11:35:01,1.407727122,58.01155472,58.50357819
2024-02-14 11:35:05,1.408145189,57.71817017,58.34762192
2024-02-14 11:35:09,1.397113085,57.46893311,58.23983765
2024-02-14 11:35:12,1.413107276,57.67352295,58.30208969
2024-02-14 11:35:16,1.502459764,57.65921783,58.29458237
2024-02-14 11:35:19,1.518063426,57.65273666,58.29115677
2024-02-14 11:35:23,1.509661913,57.88542557,58.48043442
2024-02-14 11:35:26,1.521121264,57.64635086,58.30978012
2024-02-14 11:35:30,1.518216014,58.3284874,58.63228989
2024-02-14 11:35:33,1.500518799,57.81834793,58.36983109
2024-02-14 11:35:37,1.488305688,58.15194702,58.46421051
2024-02-14 11:35:41,1.498651147,57.73672104,58.41501617
2024-02-14 11:35:44,1.500210643,57.43671799,58.16180038
2024-02-14 11:35:49,1.50428164,57.49071884,58.34968948
2024-02-14 11:35:52,1.482940674,32.58528519,33.37152863
2024-02-14 11:35:57,1.489273071,7.288153172,43.40129471
2024-02-14 11:35:59,1.499255419,4.559762478,39.27672195
2024-02-14 11:36:03,1.486868262,4.533688545,43.37478638
2024-02-14 11:36:07,1.501803637,5.215118408,44.8524971
2024-02-14 11:36:11,1.62134099,9.611434937,53.02387238
2024-02-14 11:36:14,1.705850244,60.25937653,60.26795197
2024-02-14 11:36:18,1.789761424,60.30909348,60.30169678
2024-02-14 11:36:21,1.90422976,60.65532303,60.63892365
2024-02-14 11:36:24,1.891919017,60.63967514,60.66243362
2024-02-14 11:36:28,1.908819556,60.64755249,60.66524124
2024-02-14 11:36:31,1.885742188,60.64198685,60.66250229
2024-02-14 11:36:34,1.893514991,60.64500809,60.65705109
2024-02-14 11:36:38,1.908929467,60.64981842,60.66776657
2024-02-14 11:36:40,1.893466234,60.64706039,60.66538239
2024-02-14 11:36:44,1.895562768,60.6115303,60.65382767
2024-02-14 11:36:47,1.898773193,60.25980759,60.24561691
2024-02-14 11:36:51,1.908450365,60.2741394,60.31745529
2024-02-14 11:36:55,1.904415965,60.19049072,60.19991684
2024-02-14 11:36:59,1.901788354,60.24456787,60.2484436
2024-02-14 11:37:03,1.910821557,59.26514435,59.55858231
2024-02-14 11:37:07,1.809316993,58.84280014,59.11109543
2024-02-14 11:37:11,1.709384203,58.68096924,59.0046463
2024-02-14 11:37:14,1.717895508,58.20261765,58.6831131
2024-02-14 11:37:18,1.707254052,58.52548218,58.78660965
2024-02-14 11:37:21,1.715502977,57.91666412,58.73254395
2024-02-14 11:37:25,1.715002418,58.39702225,58.69997025
2024-02-14 11:37:29,1.721560717,58.56222534,58.57463455
2024-02-14 11:37:33,1.695468187,58.32996368,58.67837143
2024-02-14 11:37:36,1.698553443,58.53507614,58.46566772
2024-02-14 11:37:40,1.674783349,58.34113312,58.70792389
2024-02-14 11:37:43,1.70463264,58.55039215,58.78186035
2024-02-14 11:37:47,1.692816138,58.36832428,58.46175766
2024-02-14 11:37:50,1.79460752,58.1084404,58.59204865
2024-02-14 11:37:54,1.804272532,58.43163681,58.79908371
2024-02-14 11:37:57,1.795794725,58.23402023,58.59564209
2024-02-14 11:38:01,1.792810082,58.45999908,58.50971603
2024-02-14 11:38:05,1.776489258,58.30705643,58.69515991
2024-02-14 11:38:08,1.779086351,57.9230957,58.52098465
2024-02-14 11:38:13,1.784738183,58.15052032,58.51262283
2024-02-14 11:38:17,1.814660668,58.47383499,58.81220245
2024-02-14 11:38:21,1.802520752,58.27345657,58.71364212
2024-02-14 11:38:24,1.812020898,57.99829102,58.54315186
2024-02-14 11:38:26,1.811221361,57.87682724,58.45944977
2024-02-14 11:38:30,1.910000682,58.27555466,58.62466431
2024-02-14 11:38:34,1.896719337,57.88794708,58.69218063
2024-02-14 11:38:38,1.902478099,58.09382248,58.634552
2024-02-14 11:38:42,1.914474487,58.43666458,58.67416
2024-02-14 11:38:46,1.908654809,58.24293137,58.67705917
2024-02-14 11:38:50,1.90271306,57.8014183,58.29534531
2024-02-14 11:38:53,1.905703783,58.32079697,58.64614868
2024-02-14 11:38:56,1.90095222,58.02727127,58.59537888
2024-02-14 11:39:01,1.894183397,57.99543381,58.47610092
2024-02-14 11:39:04,1.908450365,57.81937408,58.37229156
2024-02-14 11:39:06,1.89364624,57.87366486,58.38703156
2024-02-14 11:39:10,1.901538134,57.74179077,58.34817123
2024-02-14 11:39:14,2.006006002,57.88182449,58.19832993
2024-02-14 11:39:18,1.999160767,57.30810547,57.63367462
2024-02-14 11:39:22,1.985485911,55.89800644,56.93573761
2024-02-14 11:39:26,1.991757274,57.50286865,58.06866455
2024-02-14 11:39:29,1.980020165,55.20534897,56.36231613
2024-02-14 11:39:33,2.000030518,13.50080013,36.2709465
2024-02-14 11:39:37,1.989544749,9.142547607,38.85080719
2024-02-14 11:39:40,1.982949853,8.438806534,47.42627716
2024-02-14 11:39:44,2.099224806,59.05286407,59.90850449
2024-02-14 11:39:48,1.182974219,60.26692581,60.2903862
2024-02-14 11:39:52,1.191210985,60.31416702,60.31096268
2024-02-14 11:39:57,1.160812378,60.64148712,60.65640259
2024-02-14 11:40:00,1.178436279,60.66374588,60.65323639
2024-02-14 11:40:04,1.0821594,60.12465286,60.15285873
2024-02-14 11:40:08,1.0806458,59.9037056,59.99699783
2024-02-14 11:40:12,1.092956543,60.15708542,60.18564606
2024-02-14 11:40:15,1.094931006,59.95018387,59.95472336
2024-02-14 11:40:20,1.082623363,60.19641876,60.19455719
2024-02-14 11:40:23,1.059674144,60.14577103,60.13668823
2024-02-14 11:40:28,1.078445435,59.91756821,59.96125412
2024-02-14 11:40:31,1.082180858,60.13399124,60.12704468
2024-02-14 11:40:35,1.077337623,60.09064865,60.06379318
2024-02-14 11:40:39,1.089941382,59.56795883,59.86613846
2024-02-14 11:40:43,1.091751099,60.03406906,59.95544434
2024-02-14 11:40:47,1.092538476,59.95923615,59.92469406
2024-02-14 11:40:52,1.075589061,59.8537674,59.86601639
2024-02-14 11:40:55,1.071853638,60.06509399,60.02131271
2024-02-14 11:40:59,1.076055884,60.12769699,60.13571167
2024-02-14 11:41:03,1.084777832,59.94453812,59.85520554
2024-02-14 11:41:07,1.086419702,60.15967941,60.08770752
2024-02-14 11:41:10,1.084884644,59.95016098,59.9534874
2024-02-14 11:41:14,1.086550951,60.07262802,60.07584381
2024-02-14 11:41:18,1.078671336,60.14651108,60.16996002
2024-02-14 11:41:22,1.07900393,59.97027588,59.95303345
2024-02-14 11:41:26,1.09777534,60.1178894,59.90283203
2024-02-14 11:41:30,1.059771776,60.14417267,60.16950607
2024-02-14 11:41:34,1.056903124,59.90344238,60.0187149
2024-02-14 11:41:38,1.077078223,60.07169342,60.11777878
2024-02-14 11:41:42,1.072634935,60.14922714,60.17869949
2024-02-14 11:41:46,1.08518374,60.01409531,59.99825668
2024-02-14 11:41:51,1.070803881,59.87127304,59.87197495
2024-02-14 11:41:56,1.079040527,60.17177963,60.05274582
2024-02-14 11:42:00,1.082717896,60.16601563,60.17064285
2024-02-14 11:42:04,1.074481249,59.90517807,59.62904739
2024-02-14 11:42:07,1.068508983,60.05621338,60.11049271
2024-02-14 11:42:11,1.071029663,60.03424072,60.19141388
2024-02-14 11:42:15,1.071874976,59.92577744,59.82548904
2024-02-14 11:42:18,1.058761597,60.14422226,60.02307129
2024-02-14 11:42:22,1.057366967,60.05786133,60.03159714
2024-02-14 11:42:26,1.062652588,59.88898849,59.88831329
2024-02-14 11:42:30,1.051498413,59.90699005,59.93579865
2024-02-14 11:42:33,1.067089915,59.78435898,59.64909744
2024-02-14 11:42:36,1.076385498,60.06724167,60.11651611
2024-02-14 11:42:40,1.077041626,60.116436,60.03045654
2024-02-14 11:42:45,1.058651805,60.01519394,60.04979324
2024-02-14 11:42:48,1.065316796,60.15306473,60.09770584
2024-02-14 11:42:52,1.076565623,60.14729691,60.19248581
2024-02-14 11:42:55,1.074743629,60.15775299,60.19732285
2024-02-14 11:42:58,1.063150048,60.23685455,60.25099564
2024-02-14 11:43:02,1.081970215,60.2115593,60.25356674
2024-02-14 11:43:06,1.068460107,60.27047729,60.32431793
2024-02-14 11:43:10,1.093194604,60.20870972,60.22951889
2024-02-14 11:43:14,1.080123901,60.14667892,60.15626144
2024-02-14 11:43:18,1.077386498,60.21428299,60.2245369
2024-02-14 11:43:22,1.069186449,60.13586426,60.1258316
2024-02-14 11:43:25,1.0730896,60.20082474,60.23516464
2024-02-14 11:43:29,1.0821594,60.16644287,60.18393707
2024-02-14 11:43:32,1.065747142,60.08895874,60.0787468
2024-02-14 11:43:37,1.092407227,60.17979813,60.19917679
2024-02-14 11:43:41,1.103533983,60.17070389,60.18941879
2024-02-14 11:43:44,1.09299016,60.02187729,60.13195419
2024-02-14 11:43:48,1.102322459,60.18444443,60.21110153
2024-02-14 11:43:51,1.107473731,60.03390503,60.12916183